{"accuracy": 0.94948, "roc_auc": 0.95182, "f1": 0.94503}