{"accuracy": 0.93132, "roc_auc": 0.92469, "f1": 0.91813}