{
    "train": {
        "accuracy": 0.8868198394775391,
        "loss": 0.2451891452074051
    },
    "eval": {
        "accuracy": 0.9492059350013733,
        "loss": 0.1266552209854126
    },
    "step": 0
}
