{
    "train": {
        "accuracy": 0.8869622945785522,
        "loss": 0.2482662945985794
    },
    "eval": {
        "accuracy": 0.9304205179214478,
        "loss": 0.16851283609867096
    },
    "step": 0
}
